MAp,eps,omegah2,xf,method,ncalls
3.2457091338e-02,2.2415309183e-04,1.2000000000e-01,1.9600000000e+01,refine,3
3.2830218149e-02,1.9920857772e-04,1.2000000000e-01,1.9400000000e+01,refine,3
3.3207634426e-02,1.8366432969e-04,1.2100000000e-01,1.9200000000e+01,refine,1
3.3589389483e-02,1.7591084507e-04,1.2000000000e-01,1.9100000000e+01,refine,2
3.3975533196e-02,1.6848467782e-04,1.2100000000e-01,1.9000000000e+01,refine,2
3.4366116019e-02,1.6286070528e-04,1.2100000000e-01,1.8900000000e+01,refine,1
3.4761188983e-02,1.5887673753e-04,1.2100000000e-01,1.8900000000e+01,refine,2
3.5160803706e-02,1.5499022729e-04,1.2100000000e-01,1.8800000000e+01,refine,1
3.5565012402e-02,1.5328724547e-04,1.2000000000e-01,1.8800000000e+01,refine,1
3.5973867882e-02,1.5160297545e-04,1.1900000000e-01,1.8800000000e+01,refine,1
3.6387423565e-02,1.4993721164e-04,1.1900000000e-01,1.8800000000e+01,refine,1
3.6805733486e-02,1.4828975069e-04,1.1900000000e-01,1.8700000000e+01,refine,1
3.7228852299e-02,1.4666039151e-04,1.1900000000e-01,1.8700000000e+01,refine,1
3.7656835287e-02,1.4504893519e-04,1.1900000000e-01,1.8600000000e+01,refine,1
3.8089738369e-02,1.4345518503e-04,1.2000000000e-01,1.8600000000e+01,refine,2
3.8527618105e-02,1.4187894647e-04,1.2100000000e-01,1.8600000000e+01,refine,1
3.8970531708e-02,1.4161451276e-04,1.2000000000e-01,1.8600000000e+01,refine,1
3.9418537048e-02,1.4135057191e-04,1.2000000000e-01,1.8600000000e+01,refine,1
3.9871692657e-02,1.4108712299e-04,1.2000000000e-01,1.8500000000e+01,refine,1
4.0330057745e-02,1.4082416509e-04,1.2000000000e-01,1.8500000000e+01,refine,1
4.0793692200e-02,1.4056169729e-04,1.2000000000e-01,1.8500000000e+01,refine,2
4.1262656597e-02,1.4029971867e-04,1.2000000000e-01,1.8500000000e+01,refine,2
4.1737012210e-02,1.4133011433e-04,1.1900000000e-01,1.8500000000e+01,refine,1
4.2216821017e-02,1.4037962359e-04,1.2000000000e-01,1.8500000000e+01,refine,2
4.2702145707e-02,1.3943552520e-04,1.2100000000e-01,1.8400000000e+01,refine,1
4.3193049690e-02,1.4041079655e-04,1.2000000000e-01,1.8400000000e+01,refine,2
4.3689597108e-02,1.4139288937e-04,1.1900000000e-01,1.8400000000e+01,refine,1
4.4191852836e-02,1.4105857852e-04,1.2000000000e-01,1.8500000000e+01,refine,2
4.4699882497e-02,1.4072505811e-04,1.2100000000e-01,1.8400000000e+01,refine,1
4.5213752469e-02,1.4168747893e-04,1.2000000000e-01,1.8400000000e+01,refine,1
4.5733529891e-02,1.4265648176e-04,1.1900000000e-01,1.8400000000e+01,refine,2
4.6259282675e-02,1.4363211161e-04,1.1900000000e-01,1.8400000000e+01,refine,1
4.6791079516e-02,1.4327039191e-04,1.2000000000e-01,1.8400000000e+01,refine,2
4.7328989894e-02,1.4290958316e-04,1.2100000000e-01,1.8400000000e+01,refine,1
4.7873084091e-02,1.4386473783e-04,1.2100000000e-01,1.8400000000e+01,refine,1
4.8423433197e-02,1.4482627640e-04,1.2000000000e-01,1.8400000000e+01,refine,1
4.8980109118e-02,1.4579424153e-04,1.2000000000e-01,1.8400000000e+01,refine,2
4.9543184586e-02,1.4676867619e-04,1.2000000000e-01,1.8400000000e+01,refine,2
5.0112733172e-02,1.4637646360e-04,1.2100000000e-01,1.8400000000e+01,refine,1
5.0688829289e-02,1.4800174198e-04,1.2000000000e-01,1.8400000000e+01,refine,2
5.1271548210e-02,1.4964506650e-04,1.1900000000e-01,1.8400000000e+01,refine,1
5.1860966068e-02,1.4990041923e-04,1.2000000000e-01,1.8400000000e+01,refine,2
5.2457159876e-02,1.5015620769e-04,1.2100000000e-01,1.8400000000e+01,refine,1
5.3060207530e-02,1.5180002314e-04,1.2000000000e-01,1.8400000000e+01,refine,2
5.3670187821e-02,1.5346183404e-04,1.1900000000e-01,1.8400000000e+01,refine,1
5.4287180447e-02,1.5369997541e-04,1.2000000000e-01,1.8400000000e+01,refine,2
5.4911266022e-02,1.5393848633e-04,1.2100000000e-01,1.8400000000e+01,refine,1
5.5542526086e-02,1.5559969029e-04,1.2000000000e-01,1.8400000000e+01,refine,1
5.6181043118e-02,1.5727882088e-04,1.2000000000e-01,1.8400000000e+01,refine,2
5.6826900544e-02,1.5897607156e-04,1.1900000000e-01,1.8400000000e+01,refine,1
5.7480182748e-02,1.5919819696e-04,1.2000000000e-01,1.8400000000e+01,refine,2
5.8140975086e-02,1.5942063273e-04,1.2100000000e-01,1.8400000000e+01,refine,1
5.8809363895e-02,1.6111612747e-04,1.2100000000e-01,1.8400000000e+01,refine,1
5.9485436503e-02,1.6282965440e-04,1.2000000000e-01,1.8400000000e+01,refine,2
6.0169281244e-02,1.6456140530e-04,1.2000000000e-01,1.8400000000e+01,refine,2
6.0860987466e-02,1.6476590234e-04,1.2100000000e-01,1.8400000000e+01,refine,1
6.1560645544e-02,1.6649254707e-04,1.2100000000e-01,1.8400000000e+01,refine,1
6.2268346894e-02,1.6823728596e-04,1.2000000000e-01,1.8500000000e+01,refine,2
6.2984183980e-02,1.7000030865e-04,1.2000000000e-01,1.8400000000e+01,refine,2
6.3708250332e-02,1.7018529566e-04,1.2100000000e-01,1.8500000000e+01,refine,1
6.4440640552e-02,1.7194219226e-04,1.2100000000e-01,1.8400000000e+01,refine,1
6.5181450332e-02,1.7371722606e-04,1.2000000000e-01,1.8400000000e+01,refine,1
6.5930776463e-02,1.7551058430e-04,1.2000000000e-01,1.8500000000e+01,refine,2
6.6688716850e-02,1.7732245616e-04,1.2000000000e-01,1.8500000000e+01,refine,2
6.7455370522e-02,1.7748801478e-04,1.2100000000e-01,1.8500000000e+01,refine,1
6.8230837646e-02,1.7929262592e-04,1.2100000000e-01,1.8500000000e+01,refine,1
6.9015219542e-02,1.8111558545e-04,1.2100000000e-01,1.8500000000e+01,refine,1
6.9808618695e-02,1.8295707995e-04,1.2100000000e-01,1.8500000000e+01,refine,1
7.0611138766e-02,1.8481729786e-04,1.2000000000e-01,1.8500000000e+01,refine,1
7.1422884611e-02,1.8669642956e-04,1.2000000000e-01,1.8500000000e+01,refine,1
7.2243962288e-02,1.8859466734e-04,1.2000000000e-01,1.8500000000e+01,refine,1
7.3074479076e-02,1.9051220548e-04,1.2000000000e-01,1.8500000000e+01,refine,1
7.3914543488e-02,1.9244924020e-04,1.2000000000e-01,1.8500000000e+01,refine,1
7.4764265282e-02,1.9440596975e-04,1.2000000000e-01,1.8500000000e+01,refine,1
7.5623755480e-02,1.9638259436e-04,1.1900000000e-01,1.8500000000e+01,refine,1
7.6493126380e-02,1.9837931632e-04,1.1900000000e-01,1.8600000000e+01,refine,1
7.7372491570e-02,2.0039633997e-04,1.1900000000e-01,1.8600000000e+01,refine,1
7.8261965945e-02,2.0243387173e-04,1.1900000000e-01,1.8600000000e+01,refine,1
7.9161665720e-02,2.0449212011e-04,1.1900000000e-01,1.8600000000e+01,refine,1
8.0071708446e-02,2.0657129576e-04,1.1900000000e-01,1.8600000000e+01,refine,1
8.0992213025e-02,2.0867161144e-04,1.1900000000e-01,1.8600000000e+01,refine,1
8.1923299728e-02,2.1079328210e-04,1.1900000000e-01,1.8600000000e+01,refine,1
8.2865090206e-02,2.1293652487e-04,1.1900000000e-01,1.8600000000e+01,refine,1
8.3817707510e-02,2.1510155908e-04,1.1900000000e-01,1.8600000000e+01,refine,1
8.4781276105e-02,2.1728860630e-04,1.1900000000e-01,1.8600000000e+01,refine,1
8.5755921887e-02,2.1949789035e-04,1.1900000000e-01,1.8700000000e+01,refine,1
8.6741772200e-02,2.2172963731e-04,1.1900000000e-01,1.8600000000e+01,refine,1
8.7738955850e-02,2.2398407557e-04,1.1900000000e-01,1.8600000000e+01,refine,1
8.8747603127e-02,2.2626143587e-04,1.1900000000e-01,1.8700000000e+01,refine,1
8.9767845815e-02,2.2856195124e-04,1.1900000000e-01,1.8700000000e+01,refine,1
9.0799817216e-02,2.3088585713e-04,1.1900000000e-01,1.8700000000e+01,refine,1
9.1843652164e-02,2.3323339136e-04,1.1900000000e-01,1.8700000000e+01,refine,1
9.2899487040e-02,2.3560479416e-04,1.1900000000e-01,1.8700000000e+01,refine,1
9.3967459798e-02,2.3800030822e-04,1.1900000000e-01,1.8700000000e+01,refine,1
9.5047709973e-02,2.4042017870e-04,1.1900000000e-01,1.8700000000e+01,refine,1
9.6140378707e-02,2.4286465323e-04,1.1900000000e-01,1.8700000000e+01,refine,1
9.7245608763e-02,2.4533398198e-04,1.1900000000e-01,1.8700000000e+01,refine,1
9.8363544548e-02,2.4782841766e-04,1.1900000000e-01,1.8700000000e+01,refine,1
9.9494332125e-02,2.5034821554e-04,1.1900000000e-01,1.8800000000e+01,refine,1
1.0063811924e-01,2.5289363348e-04,1.1900000000e-01,1.8800000000e+01,refine,1
1.0179505533e-01,2.5546493199e-04,1.2000000000e-01,1.8700000000e+01,refine,1
1.0296529157e-01,2.5806237420e-04,1.2000000000e-01,1.8800000000e+01,refine,1
1.0414898084e-01,2.6068622593e-04,1.2000000000e-01,1.8800000000e+01,refine,1
1.0534627781e-01,2.6333675569e-04,1.2000000000e-01,1.8800000000e+01,refine,1
1.0655733891e-01,2.6601423475e-04,1.2000000000e-01,1.8800000000e+01,refine,1
1.0778232237e-01,2.6871893710e-04,1.2000000000e-01,1.8800000000e+01,refine,1
1.0902138824e-01,2.7145113954e-04,1.2000000000e-01,1.8800000000e+01,refine,2
1.1027469842e-01,2.7421112167e-04,1.2000000000e-01,1.8800000000e+01,refine,2
1.1154241665e-01,2.7955454922e-04,1.1900000000e-01,1.8900000000e+01,refine,1
1.1282470858e-01,2.8235334038e-04,1.1900000000e-01,1.8900000000e+01,refine,1
1.1412174174e-01,2.8518015196e-04,1.1900000000e-01,1.8900000000e+01,refine,1
1.1543368560e-01,2.8803526447e-04,1.1900000000e-01,1.8900000000e+01,refine,1
1.1676071156e-01,2.9091896125e-04,1.1900000000e-01,1.8900000000e+01,refine,1
1.1810299302e-01,2.9383152848e-04,1.2000000000e-01,1.8900000000e+01,refine,1
1.1946070535e-01,2.9677325520e-04,1.2000000000e-01,1.8900000000e+01,refine,1
1.2083402595e-01,2.9974443334e-04,1.2000000000e-01,1.8900000000e+01,refine,2
1.2222313424e-01,3.0274535776e-04,1.2000000000e-01,1.8900000000e+01,refine,2
1.2362821173e-01,3.0859718568e-04,1.1900000000e-01,1.8900000000e+01,refine,1
1.2504944199e-01,3.1163863763e-04,1.1900000000e-01,1.9000000000e+01,refine,1
1.2648701071e-01,3.1471006532e-04,1.1900000000e-01,1.8900000000e+01,refine,1
1.2794110574e-01,3.1781176419e-04,1.1900000000e-01,1.9000000000e+01,refine,1
1.2941191704e-01,3.2094403258e-04,1.2000000000e-01,1.9000000000e+01,refine,1
1.3089963679e-01,3.2410717177e-04,1.2000000000e-01,1.9000000000e+01,refine,2
1.3240445937e-01,3.2730148602e-04,1.2000000000e-01,1.9000000000e+01,refine,2
1.3392658140e-01,3.3357647548e-04,1.1900000000e-01,1.9000000000e+01,refine,1
1.3546620175e-01,3.3681212826e-04,1.1900000000e-01,1.9000000000e+01,refine,1
1.3702352157e-01,3.4007916650e-04,1.1900000000e-01,1.9000000000e+01,refine,1
1.3859874435e-01,3.4337789463e-04,1.1900000000e-01,1.9000000000e+01,refine,1
1.4019207590e-01,3.4670862003e-04,1.2000000000e-01,1.9000000000e+01,refine,1
1.4180372438e-01,3.5007165308e-04,1.2000000000e-01,1.9100000000e+01,refine,2
1.4343390039e-01,3.5346730716e-04,1.2100000000e-01,1.9100000000e+01,refine,2
1.4508281690e-01,3.6018834834e-04,1.1900000000e-01,1.9100000000e+01,refine,1
1.4675068936e-01,3.6362600592e-04,1.1900000000e-01,1.9100000000e+01,refine,1
1.4843773569e-01,3.6709647270e-04,1.2000000000e-01,1.9100000000e+01,refine,1
1.5014417630e-01,3.7060006181e-04,1.2000000000e-01,1.9100000000e+01,refine,1
1.5187023416e-01,3.7413708937e-04,1.2000000000e-01,1.9100000000e+01,refine,1
1.5361613479e-01,3.7770787452e-04,1.2000000000e-01,1.9100000000e+01,refine,1
1.5538210630e-01,3.8131273943e-04,1.2000000000e-01,1.9100000000e+01,refine,1
1.5716837942e-01,3.8495200938e-04,1.2000000000e-01,1.9200000000e+01,refine,2
1.5897518754e-01,3.8862601272e-04,1.1900000000e-01,1.9200000000e+01,refine,1
1.6080276673e-01,3.8868878508e-04,1.2000000000e-01,1.9200000000e+01,refine,1
1.6265135577e-01,3.8875156758e-04,1.2000000000e-01,1.9200000000e+01,refine,2
1.6452119621e-01,3.8881436022e-04,1.1900000000e-01,1.9300000000e+01,refine,1
1.6641253233e-01,3.8344571854e-04,1.2000000000e-01,1.9300000000e+01,refine,1
1.6832561125e-01,3.7815120558e-04,1.2000000000e-01,1.9300000000e+01,refine,2
1.7026068294e-01,3.7292979781e-04,1.1900000000e-01,1.9300000000e+01,refine,1
1.7221800022e-01,3.6436239617e-04,1.2000000000e-01,1.9300000000e+01,refine,1
1.7419781882e-01,3.5599181542e-04,1.2000000000e-01,1.9300000000e+01,refine,2
1.7620039742e-01,3.4781353393e-04,1.2100000000e-01,1.9300000000e+01,refine,1
1.7822599767e-01,3.4607027325e-04,1.2000000000e-01,1.9300000000e+01,refine,1
1.8027488423e-01,3.4433574988e-04,1.2000000000e-01,1.9300000000e+01,refine,1
1.8234732479e-01,3.4260992005e-04,1.2000000000e-01,1.9300000000e+01,refine,2
1.8444359014e-01,3.4089274017e-04,1.2100000000e-01,1.9300000000e+01,refine,1
1.8656395416e-01,3.4231322160e-04,1.2000000000e-01,1.9300000000e+01,refine,1
1.8870869388e-01,3.4373962209e-04,1.2000000000e-01,1.9300000000e+01,refine,1
1.9087808955e-01,3.4517196632e-04,1.2000000000e-01,1.9400000000e+01,refine,1
1.9307242459e-01,3.4661027905e-04,1.2000000000e-01,1.9400000000e+01,refine,1
1.9529198571e-01,3.4805458515e-04,1.2000000000e-01,1.9400000000e+01,refine,1
1.9753706291e-01,3.4950490960e-04,1.2000000000e-01,1.9400000000e+01,refine,2
1.9980794952e-01,3.5096127747e-04,1.2000000000e-01,1.9400000000e+01,refine,2
2.0210494226e-01,3.5567490663e-04,1.1900000000e-01,1.9400000000e+01,refine,1
2.0442834123e-01,3.5710186431e-04,1.1900000000e-01,1.9400000000e+01,refine,1
2.0677845000e-01,3.5853454691e-04,1.2000000000e-01,1.9400000000e+01,refine,2
2.0915557563e-01,3.5997297740e-04,1.2000000000e-01,1.9400000000e+01,refine,2
2.1156002870e-01,3.6475133836e-04,1.1900000000e-01,1.9400000000e+01,refine,1
2.1399212337e-01,3.6443102386e-04,1.2000000000e-01,1.9500000000e+01,refine,2
2.1645217740e-01,3.6411099065e-04,1.2000000000e-01,1.9500000000e+01,refine,2
2.1894051222e-01,3.6714729928e-04,1.1900000000e-01,1.9500000000e+01,refine,1
2.2145745295e-01,3.6330159156e-04,1.2000000000e-01,1.9600000000e+01,refine,2
2.2400332844e-01,3.5949616594e-04,1.2000000000e-01,1.9600000000e+01,refine,2
2.2657847131e-01,3.5242450048e-04,1.2000000000e-01,1.9600000000e+01,refine,2
2.2918321804e-01,3.4228099839e-04,1.2000000000e-01,1.9600000000e+01,refine,1
2.3181790894e-01,3.2778640754e-04,1.2000000000e-01,1.9600000000e+01,refine,2
2.3448288826e-01,3.1390561986e-04,1.2000000000e-01,1.9600000000e+01,refine,2
2.3717850418e-01,3.0476489778e-04,1.2000000000e-01,1.9600000000e+01,refine,2
2.3990510892e-01,3.0267748227e-04,1.2100000000e-01,1.9500000000e+01,refine,1
2.4266305871e-01,3.0613052496e-04,1.2100000000e-01,1.9600000000e+01,refine,1
2.4545271389e-01,3.0962296107e-04,1.2000000000e-01,1.9600000000e+01,refine,1
2.4827443896e-01,3.1315524003e-04,1.2000000000e-01,1.9600000000e+01,refine,1
2.5112860259e-01,3.1672781636e-04,1.2000000000e-01,1.9600000000e+01,refine,1
2.5401557770e-01,3.2034114981e-04,1.2000000000e-01,1.9600000000e+01,refine,1
2.5693574147e-01,3.2399570533e-04,1.2000000000e-01,1.9600000000e+01,refine,1
2.5988947546e-01,3.2769195320e-04,1.2000000000e-01,1.9600000000e+01,refine,1
2.6287716558e-01,3.3143036907e-04,1.2000000000e-01,1.9600000000e+01,refine,1
2.6589920220e-01,3.3521143400e-04,1.2000000000e-01,1.9600000000e+01,refine,1
2.6895598015e-01,3.3903563453e-04,1.2000000000e-01,1.9700000000e+01,refine,1
2.7204789884e-01,3.4290346279e-04,1.2000000000e-01,1.9700000000e+01,refine,1
2.7517536223e-01,3.4681541648e-04,1.2000000000e-01,1.9700000000e+01,refine,1
2.7833877894e-01,3.5077199900e-04,1.2000000000e-01,1.9700000000e+01,refine,1
2.8153856231e-01,3.5477371950e-04,1.2000000000e-01,1.9700000000e+01,refine,1
2.8477513039e-01,3.5882109292e-04,1.2000000000e-01,1.9700000000e+01,refine,1
2.8804890607e-01,3.6291464009e-04,1.2000000000e-01,1.9700000000e+01,refine,1
2.9136031708e-01,3.6705488777e-04,1.2000000000e-01,1.9800000000e+01,refine,1
2.9470979609e-01,3.7124236873e-04,1.2000000000e-01,1.9800000000e+01,refine,1
2.9809778071e-01,3.7547762184e-04,1.2000000000e-01,1.9800000000e+01,refine,1
3.0152471361e-01,3.7976119208e-04,1.2000000000e-01,1.9800000000e+01,refine,1
3.0499104254e-01,3.8409363067e-04,1.2000000000e-01,1.9800000000e+01,refine,1
3.0849722040e-01,3.8847549513e-04,1.2000000000e-01,1.9800000000e+01,refine,1
3.1204370529e-01,3.9290734932e-04,1.2000000000e-01,1.9800000000e+01,refine,1
3.1563096058e-01,3.9738976353e-04,1.2000000000e-01,1.9800000000e+01,refine,1
3.1925945497e-01,4.0192331458e-04,1.2000000000e-01,1.9800000000e+01,refine,1
3.2292966254e-01,4.0650858584e-04,1.2000000000e-01,1.9900000000e+01,refine,1
3.2664206282e-01,4.1114616736e-04,1.2000000000e-01,1.9900000000e+01,refine,1
3.3039714087e-01,4.1583665592e-04,1.2000000000e-01,1.9900000000e+01,refine,1
3.3419538731e-01,4.2058065508e-04,1.2000000000e-01,1.9900000000e+01,refine,1
3.3803729839e-01,4.2537877532e-04,1.2000000000e-01,1.9900000000e+01,refine,1
3.4192337610e-01,4.3023163408e-04,1.2000000000e-01,1.9900000000e+01,refine,1
3.4585412817e-01,4.3513985581e-04,1.2000000000e-01,1.9900000000e+01,refine,1
3.4983006817e-01,4.4010407213e-04,1.2000000000e-01,1.9900000000e+01,refine,1
3.5385171560e-01,4.4512492183e-04,1.2000000000e-01,2.0000000000e+01,refine,1
3.5791959589e-01,4.5020305101e-04,1.2000000000e-01,2.0000000000e+01,refine,1
3.6203424054e-01,4.5533911314e-04,1.2000000000e-01,2.0000000000e+01,refine,2
3.6619618716e-01,4.6053376912e-04,1.2000000000e-01,2.0000000000e+01,refine,2
3.7040597953e-01,4.7008468975e-04,1.1900000000e-01,2.0000000000e+01,refine,1
3.7466416769e-01,4.7537419198e-04,1.1900000000e-01,2.0000000000e+01,refine,1
3.7897130798e-01,4.8072321291e-04,1.1900000000e-01,2.0000000000e+01,refine,1
3.8332796318e-01,4.8613242227e-04,1.1900000000e-01,2.0100000000e+01,refine,1
3.8773470249e-01,4.9160249731e-04,1.1900000000e-01,2.0100000000e+01,refine,1
3.9219210169e-01,4.9713412291e-04,1.1900000000e-01,2.0100000000e+01,refine,1
3.9670074317e-01,5.0272799165e-04,1.1900000000e-01,2.0100000000e+01,refine,1
4.0126121600e-01,5.0838480390e-04,1.1900000000e-01,2.0100000000e+01,refine,1
4.0587411603e-01,5.1410526791e-04,1.1900000000e-01,2.0100000000e+01,refine,1
4.1054004598e-01,5.1989009992e-04,1.1900000000e-01,2.0100000000e+01,refine,1
4.1525961547e-01,5.2574002420e-04,1.2000000000e-01,2.0100000000e+01,refine,1
4.2003344115e-01,5.3165577319e-04,1.2000000000e-01,2.0100000000e+01,refine,1
4.2486214674e-01,5.3763808756e-04,1.2000000000e-01,2.0200000000e+01,refine,1
4.2974636314e-01,5.4368771632e-04,1.2000000000e-01,2.0200000000e+01,refine,1
4.3468672851e-01,5.4980541691e-04,1.2000000000e-01,2.0200000000e+01,refine,1
4.3968388833e-01,5.5599195530e-04,1.2000000000e-01,2.0200000000e+01,refine,1
4.4473849551e-01,5.6224810605e-04,1.2000000000e-01,2.0200000000e+01,refine,1
4.4985121047e-01,5.6857465246e-04,1.2000000000e-01,2.0200000000e+01,refine,1
4.5502270122e-01,5.7497238664e-04,1.2000000000e-01,2.0200000000e+01,refine,2
4.6025364344e-01,5.8144210962e-04,1.2000000000e-01,2.0200000000e+01,refine,2
4.6554472058e-01,5.9340892967e-04,1.1900000000e-01,2.0200000000e+01,refine,1
4.7089662397e-01,5.9999349332e-04,1.1900000000e-01,2.0300000000e+01,refine,1
4.7631005284e-01,6.0665112037e-04,1.1900000000e-01,2.0300000000e+01,refine,1
4.8178571452e-01,6.1338262156e-04,1.1900000000e-01,2.0300000000e+01,refine,1
4.8732432441e-01,6.2018881660e-04,1.1900000000e-01,2.0300000000e+01,refine,1
4.9292660618e-01,6.2707053430e-04,1.1900000000e-01,2.0300000000e+01,refine,1
4.9859329179e-01,6.3402861268e-04,1.1900000000e-01,2.0300000000e+01,refine,1
5.0432512164e-01,6.4106389905e-04,1.1900000000e-01,2.0300000000e+01,refine,1
5.1012284462e-01,6.4817725012e-04,1.2000000000e-01,2.0300000000e+01,refine,1
5.1598721823e-01,6.5536953212e-04,1.2000000000e-01,2.0300000000e+01,refine,1
5.2191900871e-01,6.6264162086e-04,1.2000000000e-01,2.0300000000e+01,refine,1
5.2791899106e-01,6.6999440190e-04,1.2000000000e-01,2.0300000000e+01,refine,1
5.3398794923e-01,6.7742877062e-04,1.2000000000e-01,2.0400000000e+01,refine,1
5.4012667615e-01,6.8494563232e-04,1.2000000000e-01,2.0400000000e+01,refine,1
5.4633597390e-01,6.9254590237e-04,1.2000000000e-01,2.0400000000e+01,refine,1
5.5261665375e-01,7.0023050626e-04,1.2000000000e-01,2.0400000000e+01,refine,2
5.5896953631e-01,7.0800037980e-04,1.2100000000e-01,2.0400000000e+01,refine,2
5.6539545163e-01,7.2246041553e-04,1.1900000000e-01,2.0400000000e+01,refine,1
5.7189523929e-01,7.3036422093e-04,1.1900000000e-01,2.0500000000e+01,refine,1
5.7846974853e-01,7.3835449492e-04,1.1900000000e-01,2.0500000000e+01,refine,1
5.8511983834e-01,7.4643218350e-04,1.1900000000e-01,2.0500000000e+01,refine,1
5.9184637761e-01,7.5459824297e-04,1.1900000000e-01,2.0500000000e+01,refine,1
5.9865024518e-01,7.6285364014e-04,1.1900000000e-01,2.0500000000e+01,refine,1
6.0553233004e-01,7.7119935236e-04,1.1900000000e-01,2.0500000000e+01,refine,1
6.1249353136e-01,7.7963636769e-04,1.1900000000e-01,2.0500000000e+01,refine,1
6.1953475868e-01,7.8816568501e-04,1.2000000000e-01,2.0500000000e+01,refine,1
6.2665693196e-01,7.9678831410e-04,1.2000000000e-01,2.0500000000e+01,refine,1
6.3386098176e-01,8.0550527581e-04,1.2000000000e-01,2.0600000000e+01,refine,1
6.4114784934e-01,8.1431760215e-04,1.2000000000e-01,2.0600000000e+01,refine,1
6.4851848677e-01,8.2322633642e-04,1.2000000000e-01,2.0600000000e+01,refine,1
6.5597385707e-01,8.3223253333e-04,1.2000000000e-01,2.0600000000e+01,refine,1
6.6351493433e-01,8.4133725914e-04,1.2000000000e-01,2.0600000000e+01,refine,1
6.7114270383e-01,8.5054159176e-04,1.2000000000e-01,2.0600000000e+01,refine,1
6.7885816219e-01,8.5984662091e-04,1.2000000000e-01,2.0600000000e+01,refine,2
6.8666231748e-01,8.6925344821e-04,1.2000000000e-01,2.0600000000e+01,refine,2
6.9455618936e-01,8.8686998703e-04,1.1900000000e-01,2.0700000000e+01,refine,1
7.0254080922e-01,8.9643408478e-04,1.1900000000e-01,2.0700000000e+01,refine,1
7.1061722028e-01,9.0610132275e-04,1.1900000000e-01,2.0700000000e+01,refine,1
7.1878647779e-01,9.1587281322e-04,1.1900000000e-01,2.0700000000e+01,refine,1
7.2704964911e-01,9.2574968045e-04,1.1900000000e-01,2.0700000000e+01,refine,1
7.3540781387e-01,9.3573306084e-04,1.1900000000e-01,2.0700000000e+01,refine,1
7.4386206411e-01,9.4582410304e-04,1.1900000000e-01,2.0700000000e+01,refine,1
7.5241350443e-01,9.5602396808e-04,1.1900000000e-01,2.0700000000e+01,refine,1
7.6106325214e-01,9.6633382952e-04,1.1900000000e-01,2.0700000000e+01,refine,1
7.6981243737e-01,9.7675487358e-04,1.1900000000e-01,2.0700000000e+01,refine,1
7.7866220325e-01,9.8728829925e-04,1.1900000000e-01,2.0800000000e+01,refine,1
7.8761370607e-01,9.9793531848e-04,1.2000000000e-01,2.0700000000e+01,refine,1
7.9666811540e-01,1.0086971563e-03,1.2000000000e-01,2.0800000000e+01,refine,1
8.0582661423e-01,1.0195750508e-03,1.2000000000e-01,2.0800000000e+01,refine,1
8.1509039919e-01,1.0305702537e-03,1.2000000000e-01,2.0800000000e+01,refine,1
8.2446068065e-01,1.0416840300e-03,1.2000000000e-01,2.0800000000e+01,refine,1
8.3393868290e-01,1.0529176584e-03,1.2000000000e-01,2.0800000000e+01,refine,1
8.4352564428e-01,1.0642724315e-03,1.2000000000e-01,2.0800000000e+01,refine,1
8.5322281739e-01,1.0757496556e-03,1.2000000000e-01,2.0800000000e+01,refine,1
8.6303146924e-01,1.0873506512e-03,1.2000000000e-01,2.0800000000e+01,refine,1
8.7295288137e-01,1.0990767532e-03,1.2000000000e-01,2.0800000000e+01,refine,1
8.8298835008e-01,1.1109293107e-03,1.2000000000e-01,2.0900000000e+01,refine,1
8.9313918657e-01,1.1229096874e-03,1.2000000000e-01,2.0800000000e+01,refine,1
9.0340671711e-01,1.1350192617e-03,1.2000000000e-01,2.0800000000e+01,refine,2
9.1379228320e-01,1.1472594269e-03,1.2000000000e-01,2.0900000000e+01,refine,2
9.2429724179e-01,1.1703294689e-03,1.1900000000e-01,2.0900000000e+01,refine,1
9.3492296541e-01,1.1827678577e-03,1.1900000000e-01,2.0900000000e+01,refine,1
9.4567084238e-01,1.1953384431e-03,1.1900000000e-01,2.0900000000e+01,refine,1
9.5654227697e-01,1.2080426300e-03,1.1900000000e-01,2.0900000000e+01,refine,1
9.6753868960e-01,1.2208818383e-03,1.1900000000e-01,2.0900000000e+01,refine,1
9.7866151703e-01,1.2338575032e-03,1.1900000000e-01,2.0900000000e+01,refine,1
9.8991221251e-01,1.2469710749e-03,1.1900000000e-01,2.0900000000e+01,refine,1
1.0012922460e+00,1.2602240190e-03,1.1900000000e-01,2.0900000000e+01,refine,1
1.0128031044e+00,1.2736178168e-03,1.1900000000e-01,2.0900000000e+01,refine,1
1.0244462917e+00,1.2871539654e-03,1.1900000000e-01,2.0900000000e+01,refine,1
1.0362233290e+00,1.3008339777e-03,1.1900000000e-01,2.1000000000e+01,refine,1
1.0481357553e+00,1.3146593826e-03,1.2000000000e-01,2.1000000000e+01,refine,1
1.0601851268e+00,1.3286317254e-03,1.2000000000e-01,2.1000000000e+01,refine,1
1.0723730179e+00,1.3427525678e-03,1.2000000000e-01,2.1000000000e+01,refine,1
1.0847010211e+00,1.3570234880e-03,1.2000000000e-01,2.1000000000e+01,refine,1
1.0971707470e+00,1.3714460811e-03,1.2000000000e-01,2.1000000000e+01,refine,1
1.1097838249e+00,1.3860219592e-03,1.2000000000e-01,2.1000000000e+01,refine,1
1.1225419028e+00,1.4007527512e-03,1.2000000000e-01,2.1000000000e+01,refine,1
1.1354466475e+00,1.4156401037e-03,1.2000000000e-01,2.1000000000e+01,refine,1
1.1484997453e+00,1.4306856806e-03,1.2000000000e-01,2.1000000000e+01,refine,1
1.1617029015e+00,1.4458911635e-03,1.2000000000e-01,2.1100000000e+01,refine,2
1.1750578413e+00,1.4612582519e-03,1.2000000000e-01,2.1100000000e+01,refine,2
1.1885663094e+00,1.4904123906e-03,1.1900000000e-01,2.1100000000e+01,refine,1
1.2022300710e+00,1.5060201947e-03,1.1900000000e-01,2.1100000000e+01,refine,1
1.2160509112e+00,1.5217914459e-03,1.1900000000e-01,2.1100000000e+01,refine,1
1.2300306358e+00,1.5377278558e-03,1.1900000000e-01,2.1100000000e+01,refine,1
1.2441710713e+00,1.5538311541e-03,1.1900000000e-01,2.1100000000e+01,refine,1
1.2584740654e+00,1.5701030882e-03,1.1900000000e-01,2.1100000000e+01,refine,1
1.2729414867e+00,1.5865454243e-03,1.1900000000e-01,2.1100000000e+01,refine,1
1.2875752255e+00,1.6031599469e-03,1.1900000000e-01,2.1100000000e+01,refine,1
1.3023771938e+00,1.6199484590e-03,1.2000000000e-01,2.1100000000e+01,refine,1
1.3173493256e+00,1.6369127827e-03,1.2000000000e-01,2.1100000000e+01,refine,1
1.3324935770e+00,1.6540547591e-03,1.2000000000e-01,2.1200000000e+01,refine,1
1.3478119268e+00,1.6713762487e-03,1.2000000000e-01,2.1200000000e+01,refine,1
1.3633063764e+00,1.6888791313e-03,1.2000000000e-01,2.1200000000e+01,refine,1
1.3789789503e+00,1.7065653066e-03,1.2000000000e-01,2.1200000000e+01,refine,2
1.3948316961e+00,1.7244366938e-03,1.2000000000e-01,2.1200000000e+01,refine,2
1.4108666851e+00,1.7585701662e-03,1.1900000000e-01,2.1200000000e+01,refine,1
1.4270860123e+00,1.7767119124e-03,1.1900000000e-01,2.1200000000e+01,refine,1
1.4434917970e+00,1.7950408123e-03,1.1900000000e-01,2.1200000000e+01,refine,1
1.4600861827e+00,1.8135587966e-03,1.1900000000e-01,2.1200000000e+01,refine,1
1.4768713374e+00,1.8322678160e-03,1.1900000000e-01,2.1200000000e+01,refine,1
1.4938494544e+00,1.8511698412e-03,1.1900000000e-01,2.1200000000e+01,refine,1
1.5110227518e+00,1.8702668633e-03,1.2000000000e-01,2.1200000000e+01,refine,1
1.5283934735e+00,1.8895608940e-03,1.2000000000e-01,2.1200000000e+01,refine,1
1.5459638890e+00,1.9090539655e-03,1.2000000000e-01,2.1200000000e+01,refine,1
1.5637362941e+00,1.9287481313e-03,1.2000000000e-01,2.1300000000e+01,refine,1
1.5817130108e+00,1.9486454659e-03,1.2000000000e-01,2.1300000000e+01,refine,2
1.5998963880e+00,1.9687480653e-03,1.2000000000e-01,2.1300000000e+01,refine,2
1.6182888012e+00,2.0074075810e-03,1.1900000000e-01,2.1300000000e+01,refine,1
1.6368926537e+00,2.0278033812e-03,1.1900000000e-01,2.1300000000e+01,refine,1
1.6557103761e+00,2.0484064083e-03,1.1900000000e-01,2.1300000000e+01,refine,1
1.6747444271e+00,2.0692187677e-03,1.1900000000e-01,2.1300000000e+01,refine,1
1.6939972937e+00,2.0902425862e-03,1.1900000000e-01,2.1300000000e+01,refine,1
1.7134714912e+00,2.1114800124e-03,1.2000000000e-01,2.1300000000e+01,refine,1
1.7331695641e+00,2.1329332166e-03,1.2000000000e-01,2.1300000000e+01,refine,1
1.7530940862e+00,2.1546043910e-03,1.2000000000e-01,2.1400000000e+01,refine,2
1.7732476606e+00,2.1764957504e-03,1.2000000000e-01,2.1400000000e+01,refine,2
1.7936329206e+00,2.2188922284e-03,1.1900000000e-01,2.1400000000e+01,refine,1
1.8142525295e+00,2.2410908474e-03,1.1900000000e-01,2.1400000000e+01,refine,1
1.8351091816e+00,2.2635115496e-03,1.1900000000e-01,2.1400000000e+01,refine,1
1.8562056017e+00,2.2861565569e-03,1.1900000000e-01,2.1400000000e+01,refine,1
1.8775445464e+00,2.3090281131e-03,1.1900000000e-01,2.1400000000e+01,refine,1
1.8991288037e+00,2.3321284849e-03,1.2000000000e-01,2.1400000000e+01,refine,1
1.9209611936e+00,2.3554599613e-03,1.2000000000e-01,2.1400000000e+01,refine,1
1.9430445687e+00,2.3790248545e-03,1.2000000000e-01,2.1400000000e+01,refine,1
1.9653818144e+00,2.4028254995e-03,1.2000000000e-01,2.1400000000e+01,refine,1
1.9879758491e+00,2.4268642551e-03,1.2000000000e-01,2.1500000000e+01,refine,2
2.0108296249e+00,2.4511435032e-03,1.1900000000e-01,2.1500000000e+01,refine,1
2.0339461278e+00,2.4526572322e-03,1.2000000000e-01,2.1500000000e+01,refine,1
2.0573283781e+00,2.4541718959e-03,1.2100000000e-01,2.1500000000e+01,refine,1
2.0809794307e+00,2.4556874951e-03,1.2100000000e-01,2.1500000000e+01,refine,1
2.1049023760e+00,2.4572040302e-03,1.2000000000e-01,2.1500000000e+01,refine,1
2.1291003394e+00,2.4587215019e-03,1.1900000000e-01,2.1500000000e+01,refine,2
2.1535764828e+00,2.4602399107e-03,1.2000000000e-01,2.1500000000e+01,refine,2
2.1783340039e+00,2.4844695726e-03,1.1900000000e-01,2.1500000000e+01,refine,1
2.2033761376e+00,2.4856202162e-03,1.2000000000e-01,2.1500000000e+01,refine,2
2.2287061557e+00,2.4867713926e-03,1.2100000000e-01,2.1500000000e+01,refine,1
2.2543273677e+00,2.5108747853e-03,1.2100000000e-01,2.1500000000e+01,refine,1
2.2802431213e+00,2.5352118036e-03,1.2000000000e-01,2.1600000000e+01,refine,2
2.3064568025e+00,2.5597847120e-03,1.2000000000e-01,2.1600000000e+01,refine,2
2.3329718362e+00,2.5605750007e-03,1.2100000000e-01,2.1600000000e+01,refine,1
2.3597916868e+00,2.5849947404e-03,1.2100000000e-01,2.1600000000e+01,refine,1
2.3869198585e+00,2.6096473667e-03,1.2100000000e-01,2.1600000000e+01,refine,1
2.4143598957e+00,2.6345351007e-03,1.2100000000e-01,2.1600000000e+01,refine,1
2.4421153837e+00,2.6596601845e-03,1.2100000000e-01,2.1600000000e+01,refine,1
2.4701899489e+00,2.6850248816e-03,1.2100000000e-01,2.1600000000e+01,refine,1
2.4985872593e+00,2.7106314773e-03,1.2100000000e-01,2.1600000000e+01,refine,1
2.5273110252e+00,2.7364822784e-03,1.2100000000e-01,2.1600000000e+01,refine,1
2.5563649997e+00,2.7625796139e-03,1.2100000000e-01,2.1700000000e+01,refine,1
2.5857529787e+00,2.7889258350e-03,1.2100000000e-01,2.1700000000e+01,refine,1
2.6154788021e+00,2.8155233152e-03,1.2100000000e-01,2.1700000000e+01,refine,1
2.6455463535e+00,2.8423744508e-03,1.2100000000e-01,2.1700000000e+01,refine,1
2.6759595616e+00,2.8694816608e-03,1.2100000000e-01,2.1700000000e+01,refine,1
2.7067224001e+00,2.8968473873e-03,1.2100000000e-01,2.1700000000e+01,refine,1
2.7378388882e+00,2.9244740958e-03,1.2100000000e-01,2.1700000000e+01,refine,1
2.7693130916e+00,2.9523642752e-03,1.2100000000e-01,2.1700000000e+01,refine,1
2.8011491224e+00,2.9805204382e-03,1.2000000000e-01,2.1700000000e+01,refine,1
2.8333511404e+00,3.0089451215e-03,1.2000000000e-01,2.1800000000e+01,refine,2
2.8659233529e+00,3.0376408858e-03,1.1900000000e-01,2.1800000000e+01,refine,1
2.8988700156e+00,3.0381097588e-03,1.2000000000e-01,2.1800000000e+01,refine,2
2.9321954332e+00,3.0385787042e-03,1.2000000000e-01,2.1800000000e+01,refine,2
2.9659039600e+00,3.0670836609e-03,1.1900000000e-01,2.1800000000e+01,refine,1
3.0000000000e+00,3.0670836609e-03,1.2000000000e-01,2.1800000000e+01,seed,9
